--
-- PostgreSQL database dump
--

-- Dumped from database version 12.3 (Ubuntu 12.3-1.pgdg18.04+1)
-- Dumped by pg_dump version 12.3 (Ubuntu 12.3-1.pgdg18.04+1)

SET statement_timeout = 0;
SET lock_timeout = 0;
SET idle_in_transaction_session_timeout = 0;
SET client_encoding = 'UTF8';
SET standard_conforming_strings = on;
SELECT pg_catalog.set_config('search_path', '', false);
SET check_function_bodies = false;
SET xmloption = content;
SET client_min_messages = warning;
SET row_security = off;

SET default_tablespace = '';

SET default_table_access_method = heap;

--
-- Name: division; Type: TABLE; Schema: public; Owner: ubuntu
--

CREATE TABLE public.division (
    division integer NOT NULL,
    program character varying(50) NOT NULL,
    capacity integer NOT NULL
);


ALTER TABLE public.division OWNER TO ubuntu;

--
-- Name: guardian; Type: TABLE; Schema: public; Owner: ubuntu
--

CREATE TABLE public.guardian (
    gid integer NOT NULL,
    member integer NOT NULL,
    fname character varying(30) NOT NULL,
    lname character varying(30) NOT NULL,
    email character varying(30) NOT NULL,
    phone character varying(20) NOT NULL
);


ALTER TABLE public.guardian OWNER TO ubuntu;

--
-- Name: guardian_gid_seq; Type: SEQUENCE; Schema: public; Owner: ubuntu
--

CREATE SEQUENCE public.guardian_gid_seq
    AS integer
    START WITH 1
    INCREMENT BY 1
    NO MINVALUE
    NO MAXVALUE
    CACHE 1;


ALTER TABLE public.guardian_gid_seq OWNER TO ubuntu;

--
-- Name: guardian_gid_seq; Type: SEQUENCE OWNED BY; Schema: public; Owner: ubuntu
--

ALTER SEQUENCE public.guardian_gid_seq OWNED BY public.guardian.gid;


--
-- Name: member; Type: TABLE; Schema: public; Owner: ubuntu
--

CREATE TABLE public.member (
    id integer NOT NULL,
    fname character varying(30) NOT NULL,
    lname character varying(30) NOT NULL,
    phone character varying(20) NOT NULL,
    gender character varying(10) NOT NULL,
    birthday date NOT NULL,
    email character varying(50) NOT NULL
);


ALTER TABLE public.member OWNER TO ubuntu;

--
-- Name: member_id_seq; Type: SEQUENCE; Schema: public; Owner: ubuntu
--

CREATE SEQUENCE public.member_id_seq
    AS integer
    START WITH 1
    INCREMENT BY 1
    NO MINVALUE
    NO MAXVALUE
    CACHE 1;


ALTER TABLE public.member_id_seq OWNER TO ubuntu;

--
-- Name: member_id_seq; Type: SEQUENCE OWNED BY; Schema: public; Owner: ubuntu
--

ALTER SEQUENCE public.member_id_seq OWNED BY public.member.id;


--
-- Name: program; Type: TABLE; Schema: public; Owner: ubuntu
--

CREATE TABLE public.program (
    pgid integer NOT NULL,
    name character varying(50),
    individualprice integer NOT NULL,
    groupprice integer DEFAULT 0,
    gender character varying(10) NOT NULL,
    capacity integer DEFAULT 0,
    numregistered integer DEFAULT 0,
    photo boolean DEFAULT false
);


ALTER TABLE public.program OWNER TO ubuntu;

--
-- Name: program_pgid_seq; Type: SEQUENCE; Schema: public; Owner: ubuntu
--

CREATE SEQUENCE public.program_pgid_seq
    AS integer
    START WITH 1
    INCREMENT BY 1
    NO MINVALUE
    NO MAXVALUE
    CACHE 1;


ALTER TABLE public.program_pgid_seq OWNER TO ubuntu;

--
-- Name: program_pgid_seq; Type: SEQUENCE OWNED BY; Schema: public; Owner: ubuntu
--

ALTER SEQUENCE public.program_pgid_seq OWNED BY public.program.pgid;


--
-- Name: programmember; Type: TABLE; Schema: public; Owner: ubuntu
--

CREATE TABLE public.programmember (
    member integer NOT NULL,
    program character varying(50) NOT NULL,
    paid boolean
);


ALTER TABLE public.programmember OWNER TO ubuntu;

--
-- Name: soccerplayer; Type: TABLE; Schema: public; Owner: ubuntu
--

CREATE TABLE public.soccerplayer (
    pid integer NOT NULL,
    member integer NOT NULL,
    program character varying(50) NOT NULL,
    division integer NOT NULL,
    team integer NOT NULL,
    goals integer DEFAULT 0,
    assists integer DEFAULT 0,
    yellowcards integer DEFAULT 0,
    redcards integer DEFAULT 0,
    appearances integer DEFAULT 0
);


ALTER TABLE public.soccerplayer OWNER TO ubuntu;

--
-- Name: soccerplayer_pid_seq; Type: SEQUENCE; Schema: public; Owner: ubuntu
--

CREATE SEQUENCE public.soccerplayer_pid_seq
    AS integer
    START WITH 1
    INCREMENT BY 1
    NO MINVALUE
    NO MAXVALUE
    CACHE 1;


ALTER TABLE public.soccerplayer_pid_seq OWNER TO ubuntu;

--
-- Name: soccerplayer_pid_seq; Type: SEQUENCE OWNED BY; Schema: public; Owner: ubuntu
--

ALTER SEQUENCE public.soccerplayer_pid_seq OWNED BY public.soccerplayer.pid;


--
-- Name: team; Type: TABLE; Schema: public; Owner: ubuntu
--

CREATE TABLE public.team (
    teamid integer NOT NULL,
    name character varying(50) NOT NULL,
    division integer NOT NULL,
    program character varying(50) NOT NULL,
    captain integer NOT NULL,
    paid boolean DEFAULT false,
    points integer DEFAULT 0,
    fixturesplayed integer DEFAULT 0,
    wins integer DEFAULT 0,
    losses integer DEFAULT 0,
    draws integer DEFAULT 0,
    goalsfor integer DEFAULT 0,
    goalsagainst integer DEFAULT 0,
    goaldifferential integer DEFAULT 0
);


ALTER TABLE public.team OWNER TO ubuntu;

--
-- Name: team_teamid_seq; Type: SEQUENCE; Schema: public; Owner: ubuntu
--

CREATE SEQUENCE public.team_teamid_seq
    AS integer
    START WITH 1
    INCREMENT BY 1
    NO MINVALUE
    NO MAXVALUE
    CACHE 1;


ALTER TABLE public.team_teamid_seq OWNER TO ubuntu;

--
-- Name: team_teamid_seq; Type: SEQUENCE OWNED BY; Schema: public; Owner: ubuntu
--

ALTER SEQUENCE public.team_teamid_seq OWNED BY public.team.teamid;


--
-- Name: guardian gid; Type: DEFAULT; Schema: public; Owner: ubuntu
--

ALTER TABLE ONLY public.guardian ALTER COLUMN gid SET DEFAULT nextval('public.guardian_gid_seq'::regclass);


--
-- Name: member id; Type: DEFAULT; Schema: public; Owner: ubuntu
--

ALTER TABLE ONLY public.member ALTER COLUMN id SET DEFAULT nextval('public.member_id_seq'::regclass);


--
-- Name: program pgid; Type: DEFAULT; Schema: public; Owner: ubuntu
--

ALTER TABLE ONLY public.program ALTER COLUMN pgid SET DEFAULT nextval('public.program_pgid_seq'::regclass);


--
-- Name: soccerplayer pid; Type: DEFAULT; Schema: public; Owner: ubuntu
--

ALTER TABLE ONLY public.soccerplayer ALTER COLUMN pid SET DEFAULT nextval('public.soccerplayer_pid_seq'::regclass);


--
-- Name: team teamid; Type: DEFAULT; Schema: public; Owner: ubuntu
--

ALTER TABLE ONLY public.team ALTER COLUMN teamid SET DEFAULT nextval('public.team_teamid_seq'::regclass);


--
-- Data for Name: division; Type: TABLE DATA; Schema: public; Owner: ubuntu
--

COPY public.division (division, program, capacity) FROM stdin;
1	mens over 18 soccer league covid 1	16
2	mens over 18 soccer league covid 1	4
3	mens over 18 soccer league covid 1	4
\.


--
-- Data for Name: guardian; Type: TABLE DATA; Schema: public; Owner: ubuntu
--

COPY public.guardian (gid, member, fname, lname, email, phone) FROM stdin;
10	230	Rohail	Alikhan	rohailalikhan@yahoo.ca	289-772-7596
11	241	Mustapha 	Kernane 	musmec2@hotmail.con	4168370022
12	266	Mouhamed	Kernane	mouhamedk10@hotmail.com	6477795902
13	279	Abobakr 	Hamza	exultfo@gmail.com	403-472-5640
14	285	Jawad 	Salih 	jawadsalih@hotmail.com	6478606969
\.


--
-- Data for Name: member; Type: TABLE DATA; Schema: public; Owner: ubuntu
--

COPY public.member (id, fname, lname, phone, gender, birthday, email) FROM stdin;
2	Yousef	Helmy	4165188786	Male	1997-12-12	YOUSEFMHELMY@HOTMAIL.COM
3	YOUSSEF	HELMY	9054677902	Male	1996-07-10	yhelmy96@gmail.com
4	Ali	Alkhraishi	6477785738	Male	1998-06-14	Ali.khraishi@gmail.com
5	Ramy	Sadek	4165676942	Male	1997-07-22	ramyesadek@gmail.com
6	Khizar	Ali	6479497833	Male	1999-08-28	khizar213@hotmail.com
9	Mohamed	Khalil	6475153088	Male	2000-08-08	mohamed.afkh@gmail.com
11	Abderahmane	Behilil	6476874992	Male	1996-03-08	remondo.behilil@gmail.com
278	Mohamed	Khaireldin	4168226610	Male	1984-02-28	moh_tarek@icloud.com
85	Ali	Khan	6473085348	Male	2000-02-29	ali.khan5317@gmail.com
279	Abobakr	Hamza	403-472-5640	Male	2020-09-12	exultfo@gmail.com
87	Abdiqani	Moallin	6473032920	Male	1996-08-13	Abdigani.2014@hotmail.com
280	Mohammed	Aladoofi	3657736413	Male	2000-04-14	maladoofi28@hotmail.com
89	Ehab	Ahmed	6479862015	Male	1999-04-09	ehabahmed2456@gmail.com
90	Hashem	Abdi	647-608-2480	Male	1997-09-04	hashem.abdi24@gmail.com
91	Youssef 	Helmy 	9054677902	Male	1996-07-29	yhelmy96@gmail.com
92	Mohamed	Abdelfattah	6477799142	Male	1996-06-29	mohamedahmedhammam@gmail.com
93	Hamza	Tolba 	647-568-5515	Male	2002-05-11	hamzatolba10@gmail.com
94	Belal	Tolba	6476675515	Male	2000-12-10	belaltolba@yahoo.com
95	Salah	Elsherif	6476296217	Male	2002-03-12	salahamgad76@gmail.com
96	Abdullah	Alawi	6472295988	Male	1997-05-11	abdullah.alawi.10@gmail.com
97	Mohammed 	Khanji 	64797522224	Male	1998-04-15	moe.2k10@hotmail.com
98	Omar	Abbas	7782235578	Male	2000-10-20	omarabbas2071@gmail.com
99	Ahmed	Baig	4168759700	Male	2000-06-24	marwan7967@gmail.com
281	Mahmoud 	Radi	6477128444	Male	1997-06-01	mahmoudradi997@gmail.com
101	Amar	Mahmoud 	2893000433 	Male	1997-11-30	ammarhatem97@gmail.com
102	Adam	Helmy	4165181391	Male	2002-06-02	adam.helmyy@gmail.com
282	Mohammed 	Ghallab 	6475405566	Male	2000-10-17	modey1702@gmail.com
104	Ahmed	Hamoud	6479491665	Male	2000-02-03	ahmedham315@gmail.com
105	Yahya	Ali	6478949064	Male	1997-11-18	yahya.ali97@outlook.com
283	Osamah	Nasser	6477732859	Male	1998-08-27	osamahmessi@gmail.com
284	Abdullah	Saleh	6478035118	Male	1996-06-10	abdullahalmash96@gmail.com
108	Salman	Shawaf	6476543799	Male	1999-04-09	salmanshawaf@gmail.com
109	Ibrahim	Lela	6478711095	Male	2000-05-22	ibrahimlela11@gmail.com
285	Zouhair	Saleh	6475751552	Male	2003-02-02	salehzoheir@gmail.com
111	Muhammad 	Chabayta	6479098757	Male	1997-10-14	mchabayta4@gmail.com
286	Steven	Valdez 	6472685373	Male	1990-08-19	steven.vald.aco@gmail.com
113	Ibrahim	Chabayta	6479098757	Male	2001-11-19	ibrahimchabayta@gmail.com
287	Hussam	Abdeen	6478066339	Male	1992-03-04	hussam.khalid.abdeen@gmail.com
115	Yusuf	Lela	6478870902	Male	1997-11-02	yusuflela@gmail.com
116	Abdel Rahman	Elleithy	6478353202	Male	2000-05-30	abdelElleithy@gmail.com
288	Adham	El Sharkawy	6474479151	Male	1997-06-04	adham.k.sharkawy@gmail.com
118	Yousuf	Ellithy	6478353202	Male	2001-12-10	yousuf369@hotmail.com
323	Omarhhhh	Hafez	14169123491	Male	1999-06-03	omar@oneblueshirt.com
122	Mal	N	6472023553	Male	2000-04-29	mal.nak29@yahoo.com
123	Khalid	Radwan	6476578427	Male	2020-08-29	khalidradwan06@gmail.com
124	Habel	Abdi	6476673780	Male	2000-02-03	habeelabdi@gmail.com
125	Anas	Alsayed Hasan	6472241595	Male	1999-12-03	annohasan@gmail.com
126	Bilal 	Khan	6478213434	Male	2000-09-13	bilalkhanpc2000@gmail.com
127	Hassan	Shokil	6476203450	Male	1984-12-10	Soona@cloudrealty.ca
129	Hadi	El-Shayeb	6479293721	Male	1994-02-16	hadi_soccer7@hotmail.com
130	Ammar	Tolba	6477793515	Male	2002-06-17	ammartolba36@gmail.com
131	Seif	El Tobgy	6479627566	Male	1999-07-16	seif19991@gmail.com
132	Belal	Mostafa	4167320989	Male	2002-04-18	belalhanimost@gmail.com
133	Moustafa	Azzam	6477747435	Male	2001-08-10	moustafacr7@hotmail.com
134	abdul 	metwaly 	6474717777	Male	2020-08-12	boody217@gmail.com
135	Ehtesham	Baig	6479790965	Male	2000-03-14	20mebaig00@gmail.com
328	Osama	kjansdk	askjdnadk`	Male	2001-12-12	ajksdnkj@fjknjk.com
137	Mohammed	Armanazi	6472447118	Male	1998-09-03	m.armanazi1998@gmail.com
138	Kareem	Awad	6478355443	Male	1997-11-27	kareemm.awaad@hotmail.com
139	Mohannad	Abdo	9052132628	Male	1996-04-13	mohannad.abdo@uoit.net
140	Samir	Al Dahoudi	2898305918	Male	1995-07-13	sameraldahoudi.95@hotmail.com
141	Ziad	Ghrayyeb	6479935159	Male	1998-04-26	ziad.ghrayyeb@live.com
142	Ibrahim	Abdo	2896001565	Male	1998-12-28	ibrahimabdo70@gmail.com
143	Haidar	Al wali	6472286442	Male	1997-11-09	haidar.raed97@gmail.com
144	Rafid	Alhadi	6476571614	Male	1997-03-14	rafid.alhadi@yahoo.com
145	Mohammad	Amer	6477787564	Male	1995-06-07	m.nizaramer@icloud.com
146	Mazin	Mohamed 	6475150982	Male	1998-02-20	mazinmohamed@gmail.com
147	Mustafa	Alsaeed	6476387195	Male	1998-01-10	mustafaodaii@gmail.com
148	Safwan	Bahbahani	3657771769	Male	2002-12-07	safwanbhb@gmail.com
150	Rafik	Hassan	6479200209	Male	2002-05-31	rafiksalam81@gmail.com
152	Abdullah	Al-juboori 	6475003639	Male	2000-04-04	joborie60@gmail.com
154	Zakir	H	6476204006	Male	1992-07-19	zakirh786@hotmail.com
156	Mohammed	Abdulmunem	6476775934	Male	1997-08-13	mzdcanada@gmail.com
158	Omar	Elmaddah	9056176660	Male	1999-10-30	omaddah@icloud.com
160	Alaa	Ibrahim	2894009336	Male	1999-05-13	alaaehab83@gmail.com
164	Omar	Rifai	6472278252	Male	1993-12-05	omarr10g@gmail.com
168	Bilal	Rifai	6477612751	Male	1995-03-03	bilalrifai11@gmail.com
170	Monzer 	ferawana 	6478987000	Male	1991-02-07	mtr_1020@hotmail.com
172	Mazen	Elzamel	6473095293	Male	1999-04-15	elzamelmazen@gmail.com
175	Talhah	Alikhan	4169985875	Male	2001-04-04	groovygladiator@gmail.com
177	Shaan	Alikhan	416-786-7126	Male	1996-04-13	shaanalikhan96@hotmail.com
178	Mustafa	Choueib	9058071500	Male	1999-03-12	mustafa.choueib12@hotmail.com
179	Muhammed	Said	4372466748	Male	1995-07-29	muhamlive@hotmail.com
183	Eddy	Dabire	6479712410	Male	1994-09-27	eddy_dabire@hotmail.com
184	Muzzammil	Younus	2899718376	Male	1977-12-25	yunusmuzzammil@gmail.com
230	Zubayr 	Alikhan	647-668-7404 	Male	2003-10-21	zubayralikhan@hotmail.com
232	Mohammad saraj	Gerowal	6478074030	Male	2000-12-11	seraj.jr6@gmail.com
233	Usama	Said	6477205213	Male	1995-07-29	usamasaid321@gmail.com
234	Mohamed	Bahgat	6475699904	Male	1999-10-27	mohamed_bahgat@live.ca
237	Mouhamed	Kernane	6477795902	Male	2000-04-23	mouhamedk10@hotmail.com
238	Khizar	Sardar	6478249254	Male	1996-09-17	khizar96@live.ca
239	Nasr-Eddine	Behilil	6477610651	Male	1998-12-15	nasr-eddine15@hotmail.com
240	Umer	Sardar	6473945335	Male	1998-08-21	umer_96@hotmail.com
241	Hamza	Kernane	6479158531	Male	2003-05-09	hamzak09@hotmail.com
255	Aness	Saada	6476379624	Male	2001-09-23	sa.aness23@gmail.com
256	Nabil	Younes-Fakhani	+16474028891	Male	1988-09-05	nyoufak@gmail.com
257	Malek	Babouli	4168310382	Male	1999-03-04	malek.b_11@hotmail.com
258	Omar	Deif	6475692605	Male	1993-05-26	omardeif@aucegypt.edu
259	Sameh 	Aboulaghed 	4168934002	Male	1973-11-13	asameh@hotmail.ca
260	Thamir	Madhoun	4169198685	Male	1977-05-08	telmadho@gmail.com
261	Maan	Musleh	6478367943	Male	1984-11-02	maan.musleh@gmail.com
262	ihab	khoja	6479782007	Male	1979-10-30	ihabibi@hotmail.com
263	Suren	Asadorian 	6475678373	Male	1972-05-06	surenasadorian@yahoo.com
264	Zaid	Ennaba	6478644777	Male	1990-02-10	ennaba.zaid@gmail.com
265	Ramy	Jabre	9055985005	Male	1984-07-08	ramram_j@hotmail.com
266	Raouf	Kernane	6477795902	Male	2020-09-09	mouhamedk10@hotmail.com
267	Mustapha 	Kernane 	416 831 5902	Male	1970-09-09	mouhamedk10@hotmail.com
268	Abdul 	Halane 	6473919029	Male	1993-04-26	isqow@hotmail.com
269	Abdullah	Ragab	6476483656	Male	2000-03-29	A.mrconti@jotmail.com
270	Amjad	Jilani	9053349428	Male	2000-10-10	ramyamjed3@gmail.com
271	Mohamed	Chapti	6477822530	Male	1999-03-13	mchapti@gmail.com
272	Omar	Mouftah	6472399898	Male	1998-01-10	mafatee7o@gmail.com
275	Mohammed	M'Hiri	6476685085	Male	1997-04-28	mohammed@mhiri.net
276	Khaled	Hossam	5196353338	Male	2000-07-09	khaled.hossam1889@gmail.com
277	Ahmed	Buzeriba 	6197770392	Male	1995-03-06	abuzeriba@icloud.com
289	Kevin	Campodonico	6479964008	Male	1995-03-30	kevin.campodonico@hotmail.com
293	Omar	Roumie	6477005024	Male	1999-06-26	staples1@live.ca
294	Waheeb	Ahmed	6479612015	Male	2000-11-23	waheebahmed75@gmail.com
295	Youssef	Youssef	6475510688	Male	2000-07-14	yoyu44@gmail.com
296	Abdulrhman	Ragab	6478069285	Male	2002-01-16	Munrvp@gmail.com
298	Austin	Caicedo	6474502891	Male	1996-11-21	kevin.campodonico@hotmail.com
299	Ahmad	Noori	6478841717	Male	1998-01-15	ahmad_noori10@hotmail.com
300	Sebastian 	Escobar 	6471245467	Male	1992-12-27	Escobar.1@hotmail.com
301	Daniel	Vargas 	6476484693	Male	1995-02-18	ecua_man@hotmail.com
302	Jose Andrew 	Moza 	6479856775	Male	1995-01-18	andrewmoza18@hotmail.con
303	Luis 	Reyes	6478834008	Male	1995-07-17	luisjose.reyes95@hotmail.com
304	Ryan	Vargas	6476671234	Male	1993-03-23	ryanvargas93@outlook.com
305	Chris	Cameron	6477746325	Male	1989-12-12	chrisjcameron19@gmail.com
306	Esteban	Garcia-Franco 	6478634096	Male	1995-11-08	Esteban.garcia.franco@hotmail.com
307	Absal	Abdulhafedh	6479839868	Male	1985-09-19	absal@outlook.com
308	Francisco	Tapia 	6476675245	Male	1991-09-29	franciscxavier55@gmail.com
309	Ian	Diaz 	6477109331	Male	1997-01-25	iandiaz10@hotmail.com
310	Gulled	Omar 	6477052575	Male	1997-08-08	gulled_125@hotmail.ca
311	Obada	Zarzour	6476767763	Male	2002-02-18	obadazarzour2004@gmail.com
312	Abdullah	Al Nasri	6472311215	Male	1995-12-15	ah44ab@gmail.com
313	Khalid	Adam	6476867519	Male	1993-02-27	k_5620255@hotmail.com
314	Kareem	Elmankabady	9053991781	Male	1999-07-30	kareem9e@gmail.com
315	Mohamed	Bessissou	6475356333	Male	1990-08-16	moe.skillz@gmail.com
319	Ahmed	Alshurafa	4168053064	Male	1972-12-12	amagdy72@gmail.com
324	Osama	Hafez	4165566718	Male	2001-12-12	osama.h.alprince@gmail.com
\.


--
-- Data for Name: program; Type: TABLE DATA; Schema: public; Owner: ubuntu
--

COPY public.program (pgid, name, individualprice, groupprice, gender, capacity, numregistered, photo) FROM stdin;
1	mens over 18 soccer league covid 1	113	980	Male	200	0	t
\.


--
-- Data for Name: programmember; Type: TABLE DATA; Schema: public; Owner: ubuntu
--

COPY public.programmember (member, program, paid) FROM stdin;
2	mens over 18 soccer league covid 1	\N
3	mens over 18 soccer league covid 1	\N
4	mens over 18 soccer league covid 1	\N
5	mens over 18 soccer league covid 1	\N
6	mens over 18 soccer league covid 1	\N
9	mens over 18 soccer league covid 1	\N
11	mens over 18 soccer league covid 1	\N
85	mens over 18 soccer league covid 1	\N
87	mens over 18 soccer league covid 1	\N
89	mens over 18 soccer league covid 1	\N
90	mens over 18 soccer league covid 1	\N
91	mens over 18 soccer league covid 1	\N
92	mens over 18 soccer league covid 1	\N
93	mens over 18 soccer league covid 1	\N
94	mens over 18 soccer league covid 1	\N
95	mens over 18 soccer league covid 1	\N
96	mens over 18 soccer league covid 1	\N
97	mens over 18 soccer league covid 1	\N
98	mens over 18 soccer league covid 1	\N
99	mens over 18 soccer league covid 1	\N
101	mens over 18 soccer league covid 1	\N
102	mens over 18 soccer league covid 1	\N
104	mens over 18 soccer league covid 1	\N
105	mens over 18 soccer league covid 1	\N
108	mens over 18 soccer league covid 1	\N
109	mens over 18 soccer league covid 1	\N
111	mens over 18 soccer league covid 1	\N
113	mens over 18 soccer league covid 1	\N
115	mens over 18 soccer league covid 1	\N
116	mens over 18 soccer league covid 1	\N
118	mens over 18 soccer league covid 1	\N
122	mens over 18 soccer league covid 1	\N
123	mens over 18 soccer league covid 1	\N
124	mens over 18 soccer league covid 1	\N
125	mens over 18 soccer league covid 1	\N
126	mens over 18 soccer league covid 1	\N
127	mens over 18 soccer league covid 1	\N
129	mens over 18 soccer league covid 1	\N
130	mens over 18 soccer league covid 1	\N
131	mens over 18 soccer league covid 1	\N
132	mens over 18 soccer league covid 1	\N
133	mens over 18 soccer league covid 1	\N
134	mens over 18 soccer league covid 1	\N
135	mens over 18 soccer league covid 1	\N
230	mens over 18 soccer league covid 1	\N
137	mens over 18 soccer league covid 1	\N
138	mens over 18 soccer league covid 1	\N
139	mens over 18 soccer league covid 1	\N
140	mens over 18 soccer league covid 1	\N
141	mens over 18 soccer league covid 1	\N
142	mens over 18 soccer league covid 1	\N
143	mens over 18 soccer league covid 1	\N
144	mens over 18 soccer league covid 1	\N
145	mens over 18 soccer league covid 1	\N
146	mens over 18 soccer league covid 1	\N
147	mens over 18 soccer league covid 1	\N
148	mens over 18 soccer league covid 1	\N
150	mens over 18 soccer league covid 1	\N
232	mens over 18 soccer league covid 1	\N
152	mens over 18 soccer league covid 1	\N
233	mens over 18 soccer league covid 1	\N
154	mens over 18 soccer league covid 1	\N
234	mens over 18 soccer league covid 1	\N
156	mens over 18 soccer league covid 1	\N
158	mens over 18 soccer league covid 1	\N
160	mens over 18 soccer league covid 1	\N
237	mens over 18 soccer league covid 1	\N
238	mens over 18 soccer league covid 1	\N
239	mens over 18 soccer league covid 1	\N
164	mens over 18 soccer league covid 1	\N
240	mens over 18 soccer league covid 1	\N
241	mens over 18 soccer league covid 1	\N
168	mens over 18 soccer league covid 1	\N
170	mens over 18 soccer league covid 1	\N
172	mens over 18 soccer league covid 1	\N
175	mens over 18 soccer league covid 1	\N
177	mens over 18 soccer league covid 1	\N
178	mens over 18 soccer league covid 1	\N
179	mens over 18 soccer league covid 1	\N
183	mens over 18 soccer league covid 1	\N
184	mens over 18 soccer league covid 1	\N
255	mens over 18 soccer league covid 1	\N
256	mens over 18 soccer league covid 1	\N
257	mens over 18 soccer league covid 1	\N
258	mens over 18 soccer league covid 1	\N
259	mens over 18 soccer league covid 1	\N
260	mens over 18 soccer league covid 1	\N
261	mens over 18 soccer league covid 1	\N
262	mens over 18 soccer league covid 1	\N
263	mens over 18 soccer league covid 1	\N
264	mens over 18 soccer league covid 1	\N
265	mens over 18 soccer league covid 1	\N
266	mens over 18 soccer league covid 1	\N
267	mens over 18 soccer league covid 1	\N
268	mens over 18 soccer league covid 1	\N
269	mens over 18 soccer league covid 1	\N
270	mens over 18 soccer league covid 1	\N
271	mens over 18 soccer league covid 1	\N
272	mens over 18 soccer league covid 1	\N
275	mens over 18 soccer league covid 1	\N
276	mens over 18 soccer league covid 1	\N
277	mens over 18 soccer league covid 1	\N
278	mens over 18 soccer league covid 1	\N
279	mens over 18 soccer league covid 1	\N
280	mens over 18 soccer league covid 1	\N
281	mens over 18 soccer league covid 1	\N
282	mens over 18 soccer league covid 1	\N
283	mens over 18 soccer league covid 1	\N
284	mens over 18 soccer league covid 1	\N
285	mens over 18 soccer league covid 1	\N
286	mens over 18 soccer league covid 1	\N
287	mens over 18 soccer league covid 1	\N
288	mens over 18 soccer league covid 1	\N
289	mens over 18 soccer league covid 1	\N
293	mens over 18 soccer league covid 1	\N
294	mens over 18 soccer league covid 1	\N
295	mens over 18 soccer league covid 1	\N
296	mens over 18 soccer league covid 1	\N
298	mens over 18 soccer league covid 1	\N
299	mens over 18 soccer league covid 1	\N
300	mens over 18 soccer league covid 1	\N
301	mens over 18 soccer league covid 1	\N
302	mens over 18 soccer league covid 1	\N
303	mens over 18 soccer league covid 1	\N
304	mens over 18 soccer league covid 1	\N
305	mens over 18 soccer league covid 1	\N
306	mens over 18 soccer league covid 1	\N
307	mens over 18 soccer league covid 1	\N
308	mens over 18 soccer league covid 1	\N
309	mens over 18 soccer league covid 1	\N
310	mens over 18 soccer league covid 1	\N
311	mens over 18 soccer league covid 1	\N
312	mens over 18 soccer league covid 1	\N
313	mens over 18 soccer league covid 1	\N
314	mens over 18 soccer league covid 1	\N
315	mens over 18 soccer league covid 1	\N
319	mens over 18 soccer league covid 1	\N
323	mens over 18 soccer league covid 1	\N
324	mens over 18 soccer league covid 1	\N
328	mens over 18 soccer league covid 1	\N
\.


--
-- Data for Name: soccerplayer; Type: TABLE DATA; Schema: public; Owner: ubuntu
--

COPY public.soccerplayer (pid, member, program, division, team, goals, assists, yellowcards, redcards, appearances) FROM stdin;
2	2	mens over 18 soccer league covid 1	1	2	0	0	0	0	0
3	3	mens over 18 soccer league covid 1	1	3	0	0	0	0	0
4	4	mens over 18 soccer league covid 1	1	4	0	0	0	0	0
5	5	mens over 18 soccer league covid 1	1	5	0	0	0	0	0
6	6	mens over 18 soccer league covid 1	1	6	0	0	0	0	0
7	9	mens over 18 soccer league covid 1	1	7	0	0	0	0	0
8	11	mens over 18 soccer league covid 1	1	8	0	0	0	0	0
31	85	mens over 18 soccer league covid 1	1	6	0	0	0	0	0
32	87	mens over 18 soccer league covid 1	1	6	0	0	0	0	0
33	89	mens over 18 soccer league covid 1	1	6	0	0	0	0	0
34	90	mens over 18 soccer league covid 1	1	2	0	0	0	0	0
35	91	mens over 18 soccer league covid 1	1	3	0	0	0	0	0
36	92	mens over 18 soccer league covid 1	1	3	0	0	0	0	0
37	93	mens over 18 soccer league covid 1	1	3	0	0	0	0	0
38	94	mens over 18 soccer league covid 1	1	3	0	0	0	0	0
39	95	mens over 18 soccer league covid 1	1	3	0	0	0	0	0
40	96	mens over 18 soccer league covid 1	1	2	0	0	0	0	0
41	97	mens over 18 soccer league covid 1	1	2	0	0	0	0	0
42	98	mens over 18 soccer league covid 1	1	3	0	0	0	0	0
43	99	mens over 18 soccer league covid 1	1	6	0	0	0	0	0
44	101	mens over 18 soccer league covid 1	1	3	0	0	0	0	0
45	102	mens over 18 soccer league covid 1	1	2	0	0	0	0	0
46	104	mens over 18 soccer league covid 1	1	6	0	0	0	0	0
47	105	mens over 18 soccer league covid 1	1	2	0	0	0	0	0
48	108	mens over 18 soccer league covid 1	1	2	0	0	0	0	0
49	109	mens over 18 soccer league covid 1	1	5	0	0	0	0	0
50	111	mens over 18 soccer league covid 1	1	5	0	0	0	0	0
51	113	mens over 18 soccer league covid 1	1	5	0	0	0	0	0
52	115	mens over 18 soccer league covid 1	1	5	0	0	0	0	0
53	116	mens over 18 soccer league covid 1	1	5	0	0	0	0	0
54	118	mens over 18 soccer league covid 1	1	5	0	0	0	0	0
55	122	mens over 18 soccer league covid 1	1	6	0	0	0	0	0
56	123	mens over 18 soccer league covid 1	1	5	0	0	0	0	0
57	124	mens over 18 soccer league covid 1	1	6	0	0	0	0	0
58	125	mens over 18 soccer league covid 1	1	2	0	0	0	0	0
59	126	mens over 18 soccer league covid 1	1	6	0	0	0	0	0
60	127	mens over 18 soccer league covid 1	1	2	0	0	0	0	0
61	129	mens over 18 soccer league covid 1	1	5	0	0	0	0	0
62	130	mens over 18 soccer league covid 1	1	3	0	0	0	0	0
63	131	mens over 18 soccer league covid 1	1	7	0	0	0	0	0
64	132	mens over 18 soccer league covid 1	1	3	0	0	0	0	0
65	133	mens over 18 soccer league covid 1	1	7	0	0	0	0	0
66	134	mens over 18 soccer league covid 1	1	2	0	0	0	0	0
67	135	mens over 18 soccer league covid 1	1	7	0	0	0	0	0
68	137	mens over 18 soccer league covid 1	1	2	0	0	0	0	0
69	138	mens over 18 soccer league covid 1	1	7	0	0	0	0	0
70	139	mens over 18 soccer league covid 1	1	4	0	0	0	0	0
71	140	mens over 18 soccer league covid 1	1	4	0	0	0	0	0
72	141	mens over 18 soccer league covid 1	1	4	0	0	0	0	0
73	142	mens over 18 soccer league covid 1	1	4	0	0	0	0	0
74	143	mens over 18 soccer league covid 1	1	4	0	0	0	0	0
75	144	mens over 18 soccer league covid 1	1	4	0	0	0	0	0
76	145	mens over 18 soccer league covid 1	1	4	0	0	0	0	0
77	146	mens over 18 soccer league covid 1	1	7	0	0	0	0	0
78	147	mens over 18 soccer league covid 1	1	4	0	0	0	0	0
79	148	mens over 18 soccer league covid 1	1	4	0	0	0	0	0
80	150	mens over 18 soccer league covid 1	1	4	0	0	0	0	0
81	152	mens over 18 soccer league covid 1	1	4	0	0	0	0	0
82	154	mens over 18 soccer league covid 1	1	5	0	0	0	0	0
83	156	mens over 18 soccer league covid 1	1	4	0	0	0	0	0
84	158	mens over 18 soccer league covid 1	1	7	0	0	0	0	0
85	160	mens over 18 soccer league covid 1	1	7	0	0	0	0	0
87	164	mens over 18 soccer league covid 1	1	9	0	0	0	0	0
88	168	mens over 18 soccer league covid 1	1	9	0	0	0	0	0
89	170	mens over 18 soccer league covid 1	1	9	0	0	0	0	0
90	172	mens over 18 soccer league covid 1	1	3	0	0	0	0	0
92	175	mens over 18 soccer league covid 1	1	9	0	0	0	0	0
93	177	mens over 18 soccer league covid 1	1	9	0	0	0	0	0
94	178	mens over 18 soccer league covid 1	1	7	0	0	0	0	0
95	179	mens over 18 soccer league covid 1	1	9	0	0	0	0	0
97	183	mens over 18 soccer league covid 1	1	5	0	0	0	0	0
98	184	mens over 18 soccer league covid 1	1	3	0	0	0	0	0
119	230	mens over 18 soccer league covid 1	1	9	0	0	0	0	0
121	232	mens over 18 soccer league covid 1	1	5	0	0	0	0	0
122	233	mens over 18 soccer league covid 1	1	9	0	0	0	0	0
123	234	mens over 18 soccer league covid 1	1	9	0	0	0	0	0
126	237	mens over 18 soccer league covid 1	1	8	0	0	0	0	0
127	238	mens over 18 soccer league covid 1	1	8	0	0	0	0	0
128	239	mens over 18 soccer league covid 1	1	8	0	0	0	0	0
129	240	mens over 18 soccer league covid 1	1	8	0	0	0	0	0
130	241	mens over 18 soccer league covid 1	1	8	0	0	0	0	0
137	255	mens over 18 soccer league covid 1	1	8	0	0	0	0	0
138	256	mens over 18 soccer league covid 1	1	21	0	0	0	0	0
139	257	mens over 18 soccer league covid 1	1	21	0	0	0	0	0
140	258	mens over 18 soccer league covid 1	1	21	0	0	0	0	0
141	259	mens over 18 soccer league covid 1	1	21	0	0	0	0	0
142	260	mens over 18 soccer league covid 1	1	21	0	0	0	0	0
143	261	mens over 18 soccer league covid 1	1	21	0	0	0	0	0
144	262	mens over 18 soccer league covid 1	1	21	0	0	0	0	0
145	263	mens over 18 soccer league covid 1	1	21	0	0	0	0	0
146	264	mens over 18 soccer league covid 1	1	21	0	0	0	0	0
147	265	mens over 18 soccer league covid 1	1	21	0	0	0	0	0
148	266	mens over 18 soccer league covid 1	1	8	0	0	0	0	0
149	267	mens over 18 soccer league covid 1	1	8	0	0	0	0	0
151	269	mens over 18 soccer league covid 1	1	23	0	0	0	0	0
152	270	mens over 18 soccer league covid 1	1	24	0	0	0	0	0
153	271	mens over 18 soccer league covid 1	1	24	0	0	0	0	0
154	272	mens over 18 soccer league covid 1	1	24	0	0	0	0	0
155	275	mens over 18 soccer league covid 1	1	24	0	0	0	0	0
156	276	mens over 18 soccer league covid 1	1	24	0	0	0	0	0
157	277	mens over 18 soccer league covid 1	1	24	0	0	0	0	0
158	278	mens over 18 soccer league covid 1	1	24	0	0	0	0	0
159	279	mens over 18 soccer league covid 1	1	24	0	0	0	0	0
160	280	mens over 18 soccer league covid 1	1	23	0	0	0	0	0
161	281	mens over 18 soccer league covid 1	1	23	0	0	0	0	0
162	282	mens over 18 soccer league covid 1	1	23	0	0	0	0	0
163	283	mens over 18 soccer league covid 1	1	23	0	0	0	0	0
164	284	mens over 18 soccer league covid 1	1	23	0	0	0	0	0
165	285	mens over 18 soccer league covid 1	1	21	0	0	0	0	0
166	286	mens over 18 soccer league covid 1	1	24	0	0	0	0	0
167	287	mens over 18 soccer league covid 1	1	21	0	0	0	0	0
168	288	mens over 18 soccer league covid 1	1	3	0	0	0	0	0
169	289	mens over 18 soccer league covid 1	1	25	0	0	0	0	0
170	293	mens over 18 soccer league covid 1	1	7	0	0	0	0	0
171	294	mens over 18 soccer league covid 1	1	24	0	0	0	0	0
172	295	mens over 18 soccer league covid 1	1	6	0	0	0	0	0
173	296	mens over 18 soccer league covid 1	1	23	0	0	0	0	0
174	298	mens over 18 soccer league covid 1	1	25	0	0	0	0	0
175	299	mens over 18 soccer league covid 1	1	25	0	0	0	0	0
176	300	mens over 18 soccer league covid 1	1	25	0	0	0	0	0
177	301	mens over 18 soccer league covid 1	1	25	0	0	0	0	0
178	302	mens over 18 soccer league covid 1	1	25	0	0	0	0	0
179	303	mens over 18 soccer league covid 1	1	25	0	0	0	0	0
180	304	mens over 18 soccer league covid 1	1	25	0	0	0	0	0
181	305	mens over 18 soccer league covid 1	1	25	0	0	0	0	0
182	306	mens over 18 soccer league covid 1	1	25	0	0	0	0	0
183	307	mens over 18 soccer league covid 1	1	6	0	0	0	0	0
184	308	mens over 18 soccer league covid 1	1	25	0	0	0	0	0
185	309	mens over 18 soccer league covid 1	1	25	0	0	0	0	0
186	310	mens over 18 soccer league covid 1	1	24	0	0	0	0	0
187	311	mens over 18 soccer league covid 1	1	8	0	0	0	0	0
188	312	mens over 18 soccer league covid 1	1	23	0	0	0	0	0
189	313	mens over 18 soccer league covid 1	1	23	0	0	0	0	0
190	314	mens over 18 soccer league covid 1	1	24	0	0	0	0	0
191	315	mens over 18 soccer league covid 1	1	4	0	0	0	0	0
192	319	mens over 18 soccer league covid 1	1	3	0	0	0	0	0
\.


--
-- Data for Name: team; Type: TABLE DATA; Schema: public; Owner: ubuntu
--

COPY public.team (teamid, name, division, program, captain, paid, points, fixturesplayed, wins, losses, draws, goalsfor, goalsagainst, goaldifferential) FROM stdin;
3	Alps FC	1	mens over 18 soccer league covid 1	3	t	0	0	0	0	0	0	0	0
5	Regala FC	1	mens over 18 soccer league covid 1	5	t	0	0	0	0	0	0	0	0
6	Gen-Z SC	1	mens over 18 soccer league covid 1	6	t	0	0	0	0	0	0	0	0
2	Wa7sh FC	1	mens over 18 soccer league covid 1	2	t	0	0	0	0	0	0	0	0
8	Fennec	2	mens over 18 soccer league covid 1	11	t	0	0	0	0	0	0	0	0
7	No weak foot	2	mens over 18 soccer league covid 1	9	t	0	0	0	0	0	0	0	0
9	Liverpool FC	2	mens over 18 soccer league covid 1	164	t	0	0	0	0	0	0	0	0
4	Thunder	2	mens over 18 soccer league covid 1	4	t	0	0	0	0	0	0	0	0
21	Arabs United	3	mens over 18 soccer league covid 1	256	f	0	0	0	0	0	0	0	0
24	ABCDE FC	3	mens over 18 soccer league covid 1	270	f	0	0	0	0	0	0	0	0
23	Black Horse	3	mens over 18 soccer league covid 1	269	f	0	0	0	0	0	0	0	0
25	Deportivo Paisas	3	mens over 18 soccer league covid 1	289	f	0	0	0	0	0	0	0	0
\.


--
-- Name: guardian_gid_seq; Type: SEQUENCE SET; Schema: public; Owner: ubuntu
--

SELECT pg_catalog.setval('public.guardian_gid_seq', 14, true);


--
-- Name: member_id_seq; Type: SEQUENCE SET; Schema: public; Owner: ubuntu
--

SELECT pg_catalog.setval('public.member_id_seq', 328, true);


--
-- Name: program_pgid_seq; Type: SEQUENCE SET; Schema: public; Owner: ubuntu
--

SELECT pg_catalog.setval('public.program_pgid_seq', 1, true);


--
-- Name: soccerplayer_pid_seq; Type: SEQUENCE SET; Schema: public; Owner: ubuntu
--

SELECT pg_catalog.setval('public.soccerplayer_pid_seq', 195, true);


--
-- Name: team_teamid_seq; Type: SEQUENCE SET; Schema: public; Owner: ubuntu
--

SELECT pg_catalog.setval('public.team_teamid_seq', 27, true);


--
-- Name: division divpk; Type: CONSTRAINT; Schema: public; Owner: ubuntu
--

ALTER TABLE ONLY public.division
    ADD CONSTRAINT divpk PRIMARY KEY (division, program);


--
-- Name: guardian guardian_pkey; Type: CONSTRAINT; Schema: public; Owner: ubuntu
--

ALTER TABLE ONLY public.guardian
    ADD CONSTRAINT guardian_pkey PRIMARY KEY (gid);


--
-- Name: member member_fname_lname_phone_key; Type: CONSTRAINT; Schema: public; Owner: ubuntu
--

ALTER TABLE ONLY public.member
    ADD CONSTRAINT member_fname_lname_phone_key UNIQUE (fname, lname, phone);


--
-- Name: member member_pkey; Type: CONSTRAINT; Schema: public; Owner: ubuntu
--

ALTER TABLE ONLY public.member
    ADD CONSTRAINT member_pkey PRIMARY KEY (id);


--
-- Name: programmember pmpk; Type: CONSTRAINT; Schema: public; Owner: ubuntu
--

ALTER TABLE ONLY public.programmember
    ADD CONSTRAINT pmpk PRIMARY KEY (member, program);


--
-- Name: program program_name_key; Type: CONSTRAINT; Schema: public; Owner: ubuntu
--

ALTER TABLE ONLY public.program
    ADD CONSTRAINT program_name_key UNIQUE (name);


--
-- Name: program program_pkey; Type: CONSTRAINT; Schema: public; Owner: ubuntu
--

ALTER TABLE ONLY public.program
    ADD CONSTRAINT program_pkey PRIMARY KEY (pgid);


--
-- Name: soccerplayer soccerplayer_member_program_key; Type: CONSTRAINT; Schema: public; Owner: ubuntu
--

ALTER TABLE ONLY public.soccerplayer
    ADD CONSTRAINT soccerplayer_member_program_key UNIQUE (member, program);


--
-- Name: soccerplayer soccerplayer_pkey; Type: CONSTRAINT; Schema: public; Owner: ubuntu
--

ALTER TABLE ONLY public.soccerplayer
    ADD CONSTRAINT soccerplayer_pkey PRIMARY KEY (pid);


--
-- Name: team team_name_key; Type: CONSTRAINT; Schema: public; Owner: ubuntu
--

ALTER TABLE ONLY public.team
    ADD CONSTRAINT team_name_key UNIQUE (name);


--
-- Name: team team_name_program_captain_key; Type: CONSTRAINT; Schema: public; Owner: ubuntu
--

ALTER TABLE ONLY public.team
    ADD CONSTRAINT team_name_program_captain_key UNIQUE (name, program, captain);


--
-- Name: team team_name_program_key; Type: CONSTRAINT; Schema: public; Owner: ubuntu
--

ALTER TABLE ONLY public.team
    ADD CONSTRAINT team_name_program_key UNIQUE (name, program);


--
-- Name: team team_pkey; Type: CONSTRAINT; Schema: public; Owner: ubuntu
--

ALTER TABLE ONLY public.team
    ADD CONSTRAINT team_pkey PRIMARY KEY (teamid);


--
-- Name: team team_program_captain_division_key; Type: CONSTRAINT; Schema: public; Owner: ubuntu
--

ALTER TABLE ONLY public.team
    ADD CONSTRAINT team_program_captain_division_key UNIQUE (program, captain, division);


--
-- Name: team team_program_captain_key; Type: CONSTRAINT; Schema: public; Owner: ubuntu
--

ALTER TABLE ONLY public.team
    ADD CONSTRAINT team_program_captain_key UNIQUE (program, captain);


--
-- Name: programmember memberfk; Type: FK CONSTRAINT; Schema: public; Owner: ubuntu
--

ALTER TABLE ONLY public.programmember
    ADD CONSTRAINT memberfk FOREIGN KEY (member) REFERENCES public.member(id) ON UPDATE CASCADE ON DELETE CASCADE;


--
-- Name: soccerplayer memberplayerfk; Type: FK CONSTRAINT; Schema: public; Owner: ubuntu
--

ALTER TABLE ONLY public.soccerplayer
    ADD CONSTRAINT memberplayerfk FOREIGN KEY (member) REFERENCES public.member(id) ON UPDATE CASCADE ON DELETE CASCADE;


--
-- Name: guardian memguardfk; Type: FK CONSTRAINT; Schema: public; Owner: ubuntu
--

ALTER TABLE ONLY public.guardian
    ADD CONSTRAINT memguardfk FOREIGN KEY (member) REFERENCES public.member(id) ON UPDATE CASCADE ON DELETE CASCADE;


--
-- Name: soccerplayer playerdivisionfk; Type: FK CONSTRAINT; Schema: public; Owner: ubuntu
--

ALTER TABLE ONLY public.soccerplayer
    ADD CONSTRAINT playerdivisionfk FOREIGN KEY (division, program) REFERENCES public.division(division, program) ON UPDATE CASCADE ON DELETE CASCADE;


--
-- Name: division programdivfk; Type: FK CONSTRAINT; Schema: public; Owner: ubuntu
--

ALTER TABLE ONLY public.division
    ADD CONSTRAINT programdivfk FOREIGN KEY (program) REFERENCES public.program(name) ON UPDATE CASCADE ON DELETE CASCADE;


--
-- Name: programmember programfk; Type: FK CONSTRAINT; Schema: public; Owner: ubuntu
--

ALTER TABLE ONLY public.programmember
    ADD CONSTRAINT programfk FOREIGN KEY (program) REFERENCES public.program(name) ON UPDATE CASCADE ON DELETE CASCADE;


--
-- Name: soccerplayer pteamfk; Type: FK CONSTRAINT; Schema: public; Owner: ubuntu
--

ALTER TABLE ONLY public.soccerplayer
    ADD CONSTRAINT pteamfk FOREIGN KEY (team) REFERENCES public.team(teamid) ON UPDATE CASCADE ON DELETE CASCADE;


--
-- Name: team tcaptainfk; Type: FK CONSTRAINT; Schema: public; Owner: ubuntu
--

ALTER TABLE ONLY public.team
    ADD CONSTRAINT tcaptainfk FOREIGN KEY (captain) REFERENCES public.member(id) ON UPDATE CASCADE ON DELETE CASCADE;


--
-- Name: team tdivisionfk; Type: FK CONSTRAINT; Schema: public; Owner: ubuntu
--

ALTER TABLE ONLY public.team
    ADD CONSTRAINT tdivisionfk FOREIGN KEY (division, program) REFERENCES public.division(division, program) ON UPDATE CASCADE ON DELETE CASCADE;


--
-- Name: TABLE division; Type: ACL; Schema: public; Owner: ubuntu
--

GRANT ALL ON TABLE public.division TO maadmin;


--
-- Name: TABLE guardian; Type: ACL; Schema: public; Owner: ubuntu
--

GRANT ALL ON TABLE public.guardian TO maadmin;


--
-- Name: SEQUENCE guardian_gid_seq; Type: ACL; Schema: public; Owner: ubuntu
--

GRANT ALL ON SEQUENCE public.guardian_gid_seq TO maadmin;


--
-- Name: TABLE member; Type: ACL; Schema: public; Owner: ubuntu
--

GRANT ALL ON TABLE public.member TO maadmin;


--
-- Name: SEQUENCE member_id_seq; Type: ACL; Schema: public; Owner: ubuntu
--

GRANT ALL ON SEQUENCE public.member_id_seq TO maadmin;


--
-- Name: TABLE program; Type: ACL; Schema: public; Owner: ubuntu
--

GRANT ALL ON TABLE public.program TO maadmin;


--
-- Name: SEQUENCE program_pgid_seq; Type: ACL; Schema: public; Owner: ubuntu
--

GRANT ALL ON SEQUENCE public.program_pgid_seq TO maadmin;


--
-- Name: TABLE programmember; Type: ACL; Schema: public; Owner: ubuntu
--

GRANT ALL ON TABLE public.programmember TO maadmin;


--
-- Name: TABLE soccerplayer; Type: ACL; Schema: public; Owner: ubuntu
--

GRANT ALL ON TABLE public.soccerplayer TO maadmin;


--
-- Name: SEQUENCE soccerplayer_pid_seq; Type: ACL; Schema: public; Owner: ubuntu
--

GRANT ALL ON SEQUENCE public.soccerplayer_pid_seq TO maadmin;


--
-- Name: TABLE team; Type: ACL; Schema: public; Owner: ubuntu
--

GRANT ALL ON TABLE public.team TO maadmin;


--
-- Name: SEQUENCE team_teamid_seq; Type: ACL; Schema: public; Owner: ubuntu
--

GRANT ALL ON SEQUENCE public.team_teamid_seq TO maadmin;


--
-- PostgreSQL database dump complete
--

